<views>
    <view id="Simple list (PVR)" value="10" languageid="31567" type="tvchannels,tvrecordings" excludefromdisable="true"/>
	<view id="List" value="50" languageid="31223" type="all,!tvchannels,!tvrecordings" excludefromdisable="true"/>
	<view id="List Details" value="51" languageid="31444" type="all,!images,!favourites,!tvchannels,!tvrecordings" />
	<view id="Bingie Poster" value="526" languageid="31027" type="movies,setmovies,tvshows,seasons,sets,actors" />
    <view id="Bingie Landscape" value="523" languageid="31018" type="movies,setmovies,tvshows,seasons,episodes,sets,musicvideos" />
	<view id="Bingie Square" value="528" languageid="31122" type="movies,setmovies,tvshows,seasons,episodes,sets,actors,songs,artists,albums" />	
	<view id="Bingie Seasons" value="527" languageid="31095" type="seasons" />	
    <view id="Bingie Episodes" value="525" languageid="31318" type="episodes" />
    <view id="Panel" value="54" languageid="31134" type="movies,setmovies,tvshows,seasons,sets,actors" />
    <view id="Panel Details" value="53" languageid="31422" type="movies,setmovies,tvshows,seasons,sets,actors" />
    <view id="Big Panel" value="57" languageid="31426" type="movies,setmovies,tvshows,seasons,sets,actors" />
    <view id="Panel Single Row" value="52" languageid="31445" type="movies,setmovies,tvshows,seasons,sets,actors" />
    <view id="Square" value="509" languageid="31099" type="all,!favourites,!tvchannels,!tvrecordings" />	
	<view id="Square Details" value="510" languageid="31437" type="all,!images,!favourites,!tvchannels,!tvrecordings" />	
    <view id="Landscape" value="511" languageid="31056" type="movies,setmovies,tvshows,seasons,episodes,sets,musicvideos,images" />
	<view id="Landscape Details" value="512" languageid="31439" type="movies,setmovies,tvshows,seasons,episodes,sets,musicvideos" />
    <view id="Big Landscape" value="501" languageid="31430" type="movies,setmovies,tvshows,seasons,episodes,sets,musicvideos,images" />
	<view id="Landscape Single Row" value="502" languageid="31431" type="movies,setmovies,tvshows,seasons,episodes,sets,musicvideos" />
	<view id="Banner" value="56" languageid="31425" type="movies,setmovies,tvshows,seasons,sets" />
    <view id="Banner Details" value="55" languageid="31424" type="movies,setmovies,tvshows,seasons,sets" />
    <view id="Poster Row" value="513" languageid="31440" type="movies,setmovies,tvshows,seasons,sets,actors" />	
	<view id="Poster Shift" value="514" languageid="31441" type="movies,setmovies,tvshows,seasons,sets,actors" />
	<view id="Poster Showcase" value="524" languageid="31429" type="movies,setmovies,tvshows,seasons,sets,actors" />
	<view id="Clearlogo" value="503" languageid="31461" type="movies,tvshows,musicvideos" />
	<view id="Fanart" value="507" languageid="31384" type="movies,setmovies,tvshows,seasons,sets,musicvideos,images" />
</views>