<?xml version='1.0' encoding='UTF-8'?>
<shortcuts>
	<!-- all movies -->
	<shortcut>
		<label>$LOCALIZE[31050]</label>
		<label2 />
		<defaultID>135</defaultID>
		<icon />
		<thumb />
		<action>ActivateWindow(Videos,videodb://movies/titles/,return)</action>
		<visible>Library.HasContent(Movies)</visible>
	</shortcut>
	<shortcut>
		<label>$LOCALIZE[31050]</label>
		<label2 />
		<defaultID>135</defaultID>
		<icon />
		<thumb />
		<action>ActivateWindow(Videos,"plugin://plugin.video.tmdb.bingie.helper/?info=dir_movie&amp;tmdb_type=None&amp;reload=$INFO[Window(Home).Property(TMDbBingieHelper.Widgets.Reload)]",return)</action>
		<visible>!Library.HasContent(Movies) + !Library.HasContent(TVShows)</visible>
	</shortcut>
	<!-- recently added movies -->
	<shortcut>
		<label>$LOCALIZE[20382]</label>
		<label2 />
		<defaultID>135</defaultID>
		<icon />
		<thumb />
		<action>ActivateWindow(Videos,videodb://recentlyaddedmovies/,return)</action>
		<visible>Library.HasContent(Movies)</visible>
	</shortcut>
	<!-- movies in progress -->
	<shortcut>
		<label>$LOCALIZE[31035]</label>
		<label2 />
		<defaultID>135</defaultID>
		<icon />
		<thumb />
		<action>ActivateWindow(Videos,special://skin/extras/widgetplaylists/inprogressmovies.xsp,return)</action>
		<visible>Library.HasContent(Movies)</visible>
	</shortcut>
	<!-- movie genres -->
	<shortcut>
		<label>$LOCALIZE[135]</label>
		<label2 />
		<defaultID>135</defaultID>
		<icon />
		<thumb />
		<action>ActivateWindow(Videos,videodb://movies/genres/,return)</action>
		<visible>Library.HasContent(Movies)</visible>
	</shortcut>
	<shortcut>
		<label>$LOCALIZE[135]</label>
		<label2 />
		<defaultID>135</defaultID>
		<icon />
		<thumb />
		<action>ActivateWindow(Videos,"plugin://plugin.video.tmdb.bingie.helper/?info=genres&amp;tmdb_type=movie&amp;reload=$INFO[Window(Home).Property(TMDbBingieHelper.Widgets.Reload)]",return)</action>
		<visible>!Library.HasContent(Movies) + !Library.HasContent(TVShows)</visible>
	</shortcut>
	<!-- Movie Sets -->
	<shortcut>
		<label>$LOCALIZE[20434]</label>
		<label2 />
		<defaultID>135</defaultID>
		<icon />
		<thumb />
		<action>ActivateWindow(Videos,videodb://movies/sets/,return)</action>
		<visible>Library.HasContent(Movies)</visible>
	</shortcut>
	<shortcut>
		<label>$LOCALIZE[20434]</label>
		<label2 />
		<defaultID>135</defaultID>
		<icon />
		<thumb />
		<action>ActivateWindow(Videos,"plugin://plugin.video.tmdb.bingie.helper/?info=all_items&amp;tmdb_type=collection&amp;reload=$INFO[Window(Home).Property(TMDbBingieHelper.Widgets.Reload)]",return)</action>
		<visible>!Library.HasContent(Movies) + !Library.HasContent(TVShows)</visible>
	</shortcut>
</shortcuts>
