<?xml version="1.0" encoding="utf-8"?>
<!-- BINGIE -->
<shortcuts>
    <shortcut>
        <label>$VAR[DefTVShowHubName]</label>
        <label2 />
        <icon />
        <thumb />
        <action>$VAR[DefTVShowHubContent]</action>
    </shortcut>
    <shortcut>
        <label>$VAR[DefTVShowHub1Name]</label>
        <label2 />
        <icon />
        <thumb />
        <action>$VAR[DefTVShowHub1Content]</action>
    </shortcut>
    <shortcut>
        <label>$VAR[DefTVShowHub2Name]</label>
        <label2 />
        <icon />
        <thumb />
        <action>$VAR[DefTVShowHub2Content]</action>
    </shortcut>
    
</shortcuts>
