<?xml version="1.0" encoding="utf-8"?>
<!--custom dialog for TV headend PVR-->
<window type="dialog">
    <defaultcontrol always="true">21</defaultcontrol>
    <controls>
        <!--Dialog Overlay-->
		<control type="group">
			<visible>!Window.IsActive(fullscreenvideo)</visible>
			<include>DialogOverlayExtra</include>
			<animation effect="fade" time="250" start="0" end="100" reversible="false">WindowOpen</animation>
			<animation effect="fade" time="250" start="100" end="0" reversible="false">WindowClose</animation>
        </control>
		
        <!--Dialog PVR Guid Info-->
        <control type="group">
            <visible>!Window.IsVisible(yesnodialog)</visible>
			<animation type="WindowOpen">
				<effect type="slide" start="1200" end="0" time="250" tween="cubic" easing="inout" />
			</animation>
			<animation type="WindowClose">
				<effect type="slide" start="0" end="1200" time="250" tween="cubic" easing="inout" />
			</animation>
            <!--Panel-->
             <control type="image">
                <posx>630</posx>
                <posy>0</posy>
                <width>1340</width>
                <height>100%</height>
				<texture border="15">diffuse/bgpanel.png</texture>
				
				<colordiffuse>$INFO[Skin.String(GeneralPanelsColor)]</colordiffuse>
            </control>
            <!--Header-->
            <control type="label">
                <description>Heading</description>
                <posx>700</posx>
                <posy>10</posy>
                <width>1200</width>
				<font>Bold45</font>
				<textcolor>$INFO[Skin.String(GeneralTextColor)]</textcolor>
                <label>$ADDON[pvr.tvh.autorec 31027]</label>
                <height>100</height>
                <align>left</align>
            </control>
			<!-- program title -->
			
			<control type="grouplist">
				<orientation>horizontal</orientation>
				<posx>700</posx>
				<posy>150</posy>
				<width>1200</width>
				<height>50</height>
				<control type="label" id="31">
					<width>auto</width>
					<font>Reg36</font>
					<aligny>bottom</aligny>
					<height>50</height>
					
				</control>
			</control>
			
            <control type="group">
                <posx>680</posx>
                <posy>220</posy>
                <control type="image">
                    <posx>0</posx>
                    <posy>0</posy>
                    <width>1200</width>
                    <height>700</height>
                    <texture border="5">dialogs/default/inner.png</texture>
                </control>
                         <control type="grouplist">
                    <posx>0</posx>
                    <posy>25</posy>
                    <itemgap>5</itemgap>
                    <width>1200</width>
                    <height>750</height>
                    <onup>9001</onup>
                    <ondown>9001</ondown>
					
					<control type="label" id="32">
						<width>auto</width>
						<font>Reg36</font>
						<aligny>bottom</aligny>
						<height>50</height>
						
					</control>
					<control type="label" id="33">
						<width>auto</width>
						<font>Reg36</font>
						<aligny>bottom</aligny>
						<height>50</height>
						
					</control>
                    <control type="button" id="21">
						<description>delete episode recording</description>
                        <width>1200</width>
                        <label>$ADDON[pvr.tvh.autorec 31028]</label>
                        <align>left</align>
						<textoffsetx>20</textoffsetx>
                    </control>
                    <control type="radiobutton" id="22">
						<description>delete series recording</description>
                        <width>1200</width>
                        <label>$ADDON[pvr.tvh.autorec 31029]</label>
                        <align>left</align>
						<textoffsetx>20</textoffsetx>
                    </control>
                </control>
            </control>
            <!--Button Group-->
            <control type="grouplist" id="9001">
                <posx>680</posx>
                <posy>940</posy>
				<orientation>horizontal</orientation>
				<itemgap>20</itemgap>
				
                <control type="button" id="31">
                    <width>350</width>
                    <description>Close</description>
                    <label>$LOCALIZE[222]</label>
                    <align>center</align>
                    <onup>14</onup>
                    <ondown>10</ondown>
					<font>Reg26</font>
                </control>
            </control>
        </control>
    </controls>
</window>
		
        