<?xml version="1.0" encoding="utf-8"?>
<!-- BINGIE -->
<includes>

    <include name="DialogPVRChannelsOSD_Small">
        <control type="group">
			<!-- osd setings background -->
			<control type="image">
				<include>FullscreenDimensions</include>
				<texture background="true">diffuse/panel2.png</texture>
				<colordiffuse>b3000000</colordiffuse>
				<visible>Window.IsActive(fullscreenvideo)</visible>
				<animation effect="fade" time="250" start="0" end="100" reversible="false">WindowOpen</animation>
				<animation effect="fade" time="250" start="100" end="0" reversible="false">WindowClose</animation>
			</control>
			<posx>-660</posx>
			<posy>0</posy>
			<animation type="WindowOpen">
				<effect type="slide" start="0" end="660" time="250" tween="cubic" easing="inout" />
			</animation>
			<animation type="WindowClose">
				<effect type="slide" start="660" end="0" time="250" tween="cubic" easing="inout" />
			</animation>
			<!--Panel-->
			<control type="image">
                <posy>0</posy>
                <posx>0</posx>
                <width>572</width>
                <height>100%</height>
                <texture border="5">diffuse/panel2.png</texture>
                <colordiffuse>$INFO[Skin.String(OSDPanelColor)]</colordiffuse>
                <aspectratio>stretch</aspectratio>
            </control>

            <!-- header -->
            <control type="label">
                <posx>20</posx>
                <posy>10</posy>
                <width min="80" max="530">auto</width>
                <height>100</height>
                <font>Bold45</font>
                <align>left</align>
                <textcolor>$INFO[Skin.String(HeaderTextColor)]</textcolor>
                <label>$INFO[VideoPlayer.ChannelGroup]</label>
                <visible>!Window.IsActive(notification) + !Window.IsActive(extendedprogressdialog)</visible>
                <visible>!pvr.IsPlayingRadio</visible>
            </control>
            <control type="label">
                <posx>20</posx>
                <posy>10</posy>
                <width min="80" max="530">auto</width>
                <height>100</height>
                <font>Bold45</font>
                <align>left</align>
                <textcolor>$INFO[Skin.String(HeaderTextColor)]</textcolor>
                <label>[UPPERCASE]$LOCALIZE[19024][/UPPERCASE]</label>
                <visible>!Window.IsActive(notification) + !Window.IsActive(extendedprogressdialog)</visible>
                <visible>pvr.IsPlayingRadio</visible>
            </control>
            
            <control type="label">
                <!--Info Time Date-->
                <posx>20</posx>
                <posy>80</posy>
                <width>530</width>
                <height>50</height>
                <font>Reg28</font>
                <textcolor>$INFO[Skin.String(HeaderTextColor)]</textcolor>
                <label>$INFO[System.Date(DDD)], $INFO[System.Date(d)] $INFO[System.Date(mmm)] $INFO[System.Date(yyyy)] | $INFO[System.Time]</label>
            </control>
            
            <!--Label Menu: -->
            <control type="image">
                <!--Seperator-->
                <posx>10</posx>
                <posy>152</posy>
                <width>552</width>
                <height>10</height>
                <align>left</align>
                <texture border="10">common/menu-separator2.png</texture>
            </control>
            
            <!--List ID=11-->
            <control type="list" id="11">
                <posx>10</posx>
                <posy>155</posy>
                <width>552</width>
                <height>910</height>
                <onleft>PreviousChannelGroup</onleft>
                <onright>NextChannelGroup</onright>
                <onup>11</onup>
                <ondown>11</ondown>
                <pagecontrol>60</pagecontrol>
                <scrolltime>200</scrolltime>
                <itemlayout height="130" width="552">
                    <control type="label">
                        <!--Channel Number-->
                        <posx>0</posx>
                        <posy>0</posy>
                        <width>100</width>
                        <height>100</height>
                        <font>Reg40</font>
                        <textcolor>$INFO[Skin.String(OSDPrimaryTextColor)]</textcolor>
                        <selectedcolor>$INFO[Skin.String(OSDPrimaryTextColor)]</selectedcolor>
                        <align>center</align>
                        <info>ListItem.ChannelNumberLabel</info>
                        <visible>String.IsEmpty(ListItem.Icon)</visible>
                    </control>
                    <control type="image">
                        <!--Rec-->
                        <posx>122</posx>
                        <posy>-3</posy>
                        <width>51</width>
                        <height>51</height>
                        <texture>pvr/icons/pvr_record.png</texture>
                        <visible>ListItem.IsRecording</visible>
                    </control>
					<control type="image">
						<posx>122</posx>
                        <posy>-3</posy>
                        <width>51</width>
                        <height>51</height>
						<texture>pvr/icons/pvr_timer.png</texture>
						<visible>!ListItem.IsRecording + ListItem.HasTimer + !ListItem.HasTimerSchedule</visible>
					</control>
                    <control type="image">
                        <!--Now Playing Icon-->
                        <posx>114</posx>
                        <posy>-9</posy>
                        <width>64</width>
                        <height>64</height>
                        <texture>pvr/icons/pvr_play.png</texture>
                        <visible>ListItem.Isplaying + !ListItem.IsRecording</visible>
                    </control>
                    <control type="image">
                        <!--Channel Icon-->
                        <posx>10</posx>
                        <posy>10</posy>
                        <width>108</width>
                        <height>108</height>
                        <texture fallback="defaulttvshows.png">$INFO[ListItem.Icon]</texture>
                        <aspectratio>keep</aspectratio>
                    </control>
                    <control type="label">
                        <!--Channel Name-->
                        <posx>132</posx>
                        <posy>9</posy>
                        <width>410</width>
                        <height>25</height>
                        <font>Reg28</font>
                        <textcolor>$INFO[Skin.String(OSDPrimaryTextColor)]</textcolor>
                        <selectedcolor>$INFO[Skin.String(OSDPrimaryTextColor)]</selectedcolor>
                        <align>left</align>
                        <aligny>center</aligny>
                        <label>$INFO[ListItem.Label]</label>
						<visible>!ListItem.Isplaying + !ListItem.IsRecording + !ListItem.HasTimer</visible>
                    </control>
					<control type="label">
                        <!--Channel Name-->
                        <posx>172</posx>
                        <posy>9</posy>
                        <width>370</width>
                        <height>25</height>
                        <font>Reg28</font>
                        <textcolor>$INFO[Skin.String(OSDPrimaryTextColor)]</textcolor>
                        <selectedcolor>$INFO[Skin.String(OSDPrimaryTextColor)]</selectedcolor>
                        <align>left</align>
                        <aligny>center</aligny>
                        <label>$INFO[ListItem.Label]</label>
						<visible>ListItem.Isplaying | ListItem.IsRecording | ListItem.HasTimer</visible>
                    </control>
                    <control type="label">
                        <!--Channel Now Playing (LEFT)-->
                        <posx>132</posx>
                        <posy>44</posy>
                        <width>630</width>
                        <height>20</height>
                        <font>Reg25</font>
                        <textcolor>$INFO[Skin.String(OSDPrimaryTextColor)]</textcolor>
                        <selectedcolor>$INFO[Skin.String(OSDPrimaryTextColor)]</selectedcolor>
                        <align>left</align>
                        <aligny>center</aligny>
                        <label>$INFO[ListItem.Title]</label>
                    </control>
                    <control type="label">
                        <!--Time: Start, End (RIGHT)-->
                        <posx>132</posx>
                        <posy>74</posy>
                        <width>110</width>
                        <height>20</height>
                        <font>Reg18</font>
                        <textcolor>$INFO[Skin.String(OSDPrimaryTextColor)]</textcolor>
                        <selectedcolor>$INFO[Skin.String(OSDPrimaryTextColor)]</selectedcolor>
                        <align>left</align>
                        <aligny>center</aligny>
                        <label>$INFO[ListItem.StartTime]</label>
                        <visible>ListItem.HasEpg</visible>
                    </control>
                    <control type="progress">
                        <description>Progressbar</description>
                        <left>237</left>
                        <top>74</top>
                        <width>200</width>
                        <height>10</height>
                        <info>ListItem.Progress</info>
                        <visible>ListItem.HasEpg</visible>
                    </control>
                    <control type="label">
                        <!--Time: Start, End (RIGHT)-->
                        <right>10</right>
                        <posy>73</posy>
                        <width>130</width>
                        <height>20</height>
                        <font>Reg18</font>
                        <textcolor>$INFO[Skin.String(OSDPrimaryTextColor)]</textcolor>
                        <selectedcolor>$INFO[Skin.String(OSDPrimaryTextColor)]</selectedcolor>
                        <align>right</align>
                        <aligny>center</aligny>
                        <label>$INFO[ListItem.EndTime]</label>
                        <visible>ListItem.HasEpg</visible>
                    </control>
                    <control type="label">
                        <!--Next info-->
                        <posx>132</posx>
                        <posy>99</posy>
                        <width>630</width>
                        <height>20</height>
                        <font>Reg18</font>
                        <textcolor>$INFO[Skin.String(OSDPrimaryTextColor)]</textcolor>
                        <selectedcolor>$INFO[Skin.String(OSDPrimaryTextColor)]</selectedcolor>
                        <align>left</align>
                        <aligny>center</aligny>
                        <label>$LOCALIZE[19031]: $INFO[ListItem.NextTitle]</label>
                        <visible>ListItem.HasEpg</visible>
                    </control>
                    <control type="image">
                        <!--Separator-->
                        <posx>0</posx>
                        <posy>128</posy>
                        <width>552</width>
                        <height>2</height>
                        <fadetime>400</fadetime>
                        <colordiffuse>BBFFFFFF</colordiffuse>
                        <texture>common/separator.png</texture>
                    </control>
                </itemlayout>
                <focusedlayout height="130" width="552">
                    <control type="image">
                        <posx>0</posx>
                        <posy>0</posy>
                        <width>552</width>
                        <height>128</height>
                        <texture border="10">diffuse/panel.png</texture>
                        <colordiffuse>$INFO[Skin.String(ButtonFocusColor)]</colordiffuse>
                    </control>
                    <control type="label">
                        <!--Channel Number-->
                        <posx>0</posx>
                        <posy>0</posy>
                        <width>100</width>
                        <height>100</height>
                        <font>Reg40</font>
                        <textcolor>$INFO[Skin.String(ButtonFocusTextColor)]</textcolor>
                        <selectedcolor>$INFO[Skin.String(ButtonFocusTextColor)]</selectedcolor>
                        <align>center</align>
                        <info>ListItem.ChannelNumberLabel</info>
                        <visible>String.IsEmpty(ListItem.Icon)</visible>
                    </control>
                    <control type="image">
                        <!--Rec-->
                        <posx>122</posx>
                        <posy>-3</posy>
                        <width>51</width>
                        <height>51</height>
                        <texture>pvr/icons/pvr_record.png</texture>
                        <visible>ListItem.IsRecording</visible>
                    </control>
					<control type="image">
						<posx>122</posx>
                        <posy>-3</posy>
                        <width>51</width>
                        <height>51</height>
						<texture>pvr/icons/pvr_timer.png</texture>
						<visible>!ListItem.IsRecording + ListItem.HasTimer + !ListItem.HasTimerSchedule</visible>
					</control>
                    <control type="image">
                        <!--Now Playing Icon-->
                        <posx>114</posx>
                        <posy>-9</posy>
                        <width>64</width>
                        <height>64</height>
                        <texture>pvr/icons/pvr_play.png</texture>
                        <visible>ListItem.Isplaying + !ListItem.IsRecording</visible>
                    </control>
                    <control type="image">
                        <!--Channel Icon-->
                        <posx>10</posx>
                        <posy>10</posy>
                        <width>108</width>
                        <height>108</height>
                        <texture fallback="defaulttvshows.png">$INFO[ListItem.Icon]</texture>
                        <aspectratio>keep</aspectratio>
                    </control>
                    <control type="label">
                        <!--Channel Name-->
                        <posx>132</posx>
                        <posy>9</posy>
                        <width>410</width>
                        <height>25</height>
                        <font>Reg28</font>
                        <textcolor>$INFO[Skin.String(ButtonFocusTextColor)]</textcolor>
                        <selectedcolor>$INFO[Skin.String(ButtonFocusTextColor)]</selectedcolor>
                        <align>left</align>
                        <aligny>center</aligny>
                        <label>$INFO[ListItem.Label]</label>
						<visible>!ListItem.Isplaying + !ListItem.IsRecording + !ListItem.HasTimer</visible>
                    </control>
					<control type="label">
                        <!--Channel Name-->
                        <posx>172</posx>
                        <posy>9</posy>
                        <width>370</width>
                        <height>25</height>
                        <font>Reg28</font>
                        <textcolor>$INFO[Skin.String(ButtonFocusTextColor)]</textcolor>
                        <selectedcolor>$INFO[Skin.String(ButtonFocusTextColor)]</selectedcolor>
                        <align>left</align>
                        <aligny>center</aligny>
                        <label>$INFO[ListItem.Label]</label>
						<visible>ListItem.Isplaying | ListItem.IsRecording | ListItem.HasTimer</visible>
                    </control>
                    <control type="label">
                        <!--Channel Now Playing (LEFT)-->
                        <posx>132</posx>
                        <posy>44</posy>
                        <width>630</width>
                        <height>20</height>
                        <font>Reg25</font>
                        <textcolor>$INFO[Skin.String(ButtonFocusTextColor)]</textcolor>
                        <selectedcolor>$INFO[Skin.String(ButtonFocusTextColor)]</selectedcolor>
                        <align>left</align>
                        <aligny>center</aligny>
                        <scroll>true</scroll>
                        <label>$INFO[ListItem.Title]</label>
                    </control>
                    <control type="label">
                        <!--Time: Start, End (RIGHT)-->
                        <posx>132</posx>
                        <posy>74</posy>
                        <width>110</width>
                        <height>20</height>
                        <font>Reg18</font>
                        <textcolor>$INFO[Skin.String(ButtonFocusTextColor)]</textcolor>
                        <selectedcolor>$INFO[Skin.String(ButtonFocusTextColor)]</selectedcolor>
                        <align>left</align>
                        <aligny>center</aligny>
                        <label>$INFO[ListItem.StartTime]</label>
                        <visible>ListItem.HasEpg</visible>
                    </control>
                    <control type="progress">
                        <description>Progressbar</description>
                        <left>237</left>
                        <top>74</top>
                        <width>200</width>
                        <height>10</height>
                        <info>ListItem.Progress</info>
                        <visible>ListItem.HasEpg</visible>
                    </control>
                    <control type="label">
                        <!--Time: Start, End (RIGHT)-->
                        <right>10</right>
                        <posy>73</posy>
                        <width>110</width>
                        <height>20</height>
                        <font>Reg18</font>
                        <textcolor>$INFO[Skin.String(ButtonFocusTextColor)]</textcolor>
                        <selectedcolor>$INFO[Skin.String(ButtonFocusTextColor)]</selectedcolor>
                        <align>right</align>
                        <aligny>center</aligny>
                        <label>$INFO[ListItem.EndTime]</label>
                        <visible>ListItem.HasEpg</visible>
                    </control>
                    <control type="label">
                        <!--Next info-->
                        <posx>132</posx>
                        <posy>99</posy>
                        <width>630</width>
                        <height>20</height>
                        <font>Reg18</font>
                        <textcolor>$INFO[Skin.String(ButtonFocusTextColor)]</textcolor>
                        <selectedcolor>$INFO[Skin.String(ButtonFocusTextColor)]</selectedcolor>
                        <align>left</align>
                        <aligny>center</aligny>
                        <label>$LOCALIZE[19031]: $INFO[ListItem.NextTitle]</label>
                        <visible>ListItem.HasEpg</visible>
                    </control>
                    <control type="image">
                        <!--Separator-->
                        <posx>0</posx>
                        <posy>128</posy>
                        <width>552</width>
                        <height>2</height>
                        <fadetime>400</fadetime>
                        <colordiffuse>BBFFFFFF</colordiffuse>
                        <texture>common/separator.png</texture>
                    </control>
                </focusedlayout>
            </control>

        </control>
	</include>
    
    <include name="DialogPVRChannelsOSD_Large">
		<!-- osd setings background -->
		<control type="image">
			<include>FullscreenDimensions</include>
			<texture background="true">diffuse/panel2.png</texture>
			<colordiffuse>b3000000</colordiffuse>
			<visible>Window.IsActive(fullscreenvideo)</visible>
		</control>
        <control type="group">
			<include>animation_window_open_close</include>
            <left>60</left>
            <top>60</top>
            <right>60</right>
            <height>970</height>
            
            <!-- background panel -->
            <control type="image">
                <texture border="10">diffuse/panel.png</texture>
                <colordiffuse>$INFO[Skin.String(OSDPanelColor)]</colordiffuse>
                <aspectratio>stretch</aspectratio>
            </control>
            
            <!-- header -->
            <control type="togglebutton" id="10">
				<top>10</top>
                <left>5</left>
				<width>1100</width>
				<height>45</height>
				<align>left</align>
				<font>Reg26</font>
				<onleft>11</onleft>
                <onright>11</onright>
				<ondown>11</ondown>
                <onup>11</onup>
				<textoffsetx>90</textoffsetx>
				<label>$LOCALIZE[19023] - $INFO[VideoPlayer.ChannelGroup]</label>
                <altlabel>$LOCALIZE[19024] - $INFO[MusicPlayer.ChannelGroup]</altlabel>
                <textcolor>$INFO[Skin.String(OSDPrimaryTextColor)]</textcolor>
                <onclick>PreviousChannelGroup</onclick>
                <texturenofocus/>
                <usealttexture>pvr.IsPlayingRadio</usealttexture>
			</control>
            <control type="image">
				<top>15</top>
                <left>35</left>
				<width>30</width>
				<height>30</height>
				<texture colordiffuse="$INFO[Skin.String(ViewDetailsTextColor)]">home/home_arrow_up.png</texture>
			</control>
            <control type="image">
				<colordiffuse>$INFO[Skin.String(OSDPrimaryTextColor)]</colordiffuse>
				<texture>dialogs/default/separator.png</texture>
                <height>45</height>
                <top>15</top>
			</control>
            <control type="label">
                <top>10</top>
                <right>30</right>
                <width>1200</width>
                <height>30</height>
                <font>Reg26</font>
                <textcolor>$INFO[Skin.String(OSDPrimaryTextColor)]</textcolor>
                <selectedcolor>$INFO[Skin.String(OSDPrimaryTextColor)]</selectedcolor>
                <align>right</align>
                <aligny>bottom</aligny>
                <label>$INFO[System.Date(DDD)], $INFO[System.Date(d)] $INFO[System.Date(mmm)] $INFO[System.Date(yyyy)] • $INFO[System.Time]</label>
            </control>            			
            
            <!-- footer -->
            <control type="image">
				<colordiffuse>$INFO[Skin.String(OSDPrimaryTextColor)]</colordiffuse>
				<texture>dialogs/default/separator.png</texture>
                <height>45</height>
                <bottom>45</bottom>
			</control>
            <control type="label">
                <bottom>10</bottom>
                <left>35</left>
                <width>1200</width>
                <height>30</height>
                <font>Reg22</font>
                <textcolor>$INFO[Skin.String(OSDPrimaryTextColor)]</textcolor>
                <selectedcolor>$INFO[Skin.String(OSDPrimaryTextColor)]</selectedcolor>
                <align>left</align>
                <aligny>center</aligny>
                <label>$INFO[Container(11).NumItems] $LOCALIZE[19019] - $INFO[Container(11).CurrentPage]/$INFO[Container(11).NumPages]</label>
            </control>
            
            <!--List ID=11-->
            <control type="list" id="11">
                <left>5</left>
                <top>65</top>
                <width>1100</width>
                <height>841</height>
                <onup>11</onup>
                <ondown>11</ondown>
                <onleft>10</onleft>
                <onright>60</onright>
                <pagecontrol>60</pagecontrol>
                <scrolltime>200</scrolltime>
                <itemlayout height="60" width="1100">
                    
                    <!--Channel Number-->
                    <control type="label">
                        <width>90</width>
                        <height>100%</height>
                        <font>Reg24</font>
                        <textcolor>$INFO[Skin.String(OSDPrimaryTextColor)]</textcolor>
                        <selectedcolor>$INFO[Skin.String(OSDPrimaryTextColor)]</selectedcolor>
                        <align>center</align>
                        <aligny>center</aligny>
                        <info>ListItem.ChannelNumberLabel</info>
                    </control>
                    
                    <!-- progress -->
                    <control type="progress">
                        <description>Progressbar</description>
                        <left>90</left>
                        <top>20</top>
                        <width>80</width>
                        <height>20</height>
                        <info>ListItem.Progress</info>
                    </control>
                    
                    <!--Channel Name + Program Title-->
                    <control type="label">
                        <left>200</left>
                        <width>800</width>
                        <height>100%</height>
                        <font>Reg24</font>
                        <textcolor>$INFO[Skin.String(OSDPrimaryTextColor)]</textcolor>
                        <selectedcolor>$INFO[Skin.String(OSDPrimaryTextColor)]</selectedcolor>
                        <align>left</align>
                        <aligny>center</aligny>
                        <label>[B]$INFO[ListItem.Label]: [/B]$INFO[ListItem.Title]</label>
                    </control> 

					<control type="image">
                        <!--Rec-->
                        <right>21</right>
                        <posy>5</posy>
                        <width>51</width>
                        <height>51</height>
                        <texture>pvr/icons/pvr_record.png</texture>
                        <visible>ListItem.IsRecording</visible>
                    </control>
					
                    <control type="image">
                        <!--Now Playing Icon-->
                        <right>16</right>
                        <posy>-2</posy>
                        <width>64</width>
                        <height>64</height>
                        <texture>pvr/icons/pvr_play.png</texture>
                        <visible>ListItem.Isplaying + !ListItem.IsRecording</visible>
                    </control>					
                    
                    <!--Channel Icon-->
                    <control type="image">
                        <right>-4</right>
                        <width>100</width>
                        <texture fallback="defaulttvshows.png">$INFO[ListItem.Icon]</texture>
                        <aspectratio>keep</aspectratio>
                        <visible>![ListItem.Isplaying | ListItem.IsRecording | ListItem.HasTimer]</visible>
                        <bordersize>8</bordersize>
                    </control>
                    
                    <control type="image">
                        <!--Separator-->
                        <posx>3</posx>
                        <posy>58</posy>
                        <height>2</height>
						<width>1094</width>
                        <fadetime>400</fadetime>
                        <colordiffuse>BBFFFFFF</colordiffuse>
                        <texture>common/separator.png</texture>
                    </control>
                    
                </itemlayout>
                <focusedlayout height="60" width="1100">
                    <control type="image">
                        <texture border="10">diffuse/panel.png</texture>
                        <colordiffuse>$INFO[Skin.String(ButtonFocusColor)]</colordiffuse>
                    </control>
                    
                    <!--Channel Number-->
                    <control type="label">
                        <width>90</width>
                        <height>100%</height>
                        <font>Reg24</font>
                        <textcolor>$INFO[Skin.String(ButtonFocusTextColor)]</textcolor>
                        <selectedcolor>$INFO[Skin.String(ButtonFocusTextColor)]</selectedcolor>
                        <align>center</align>
                        <aligny>center</aligny>
                        <info>ListItem.ChannelNumberLabel</info>
                    </control>
                    
                    <!-- progress -->
                    <control type="progress">
                        <description>Progressbar</description>
                        <left>90</left>
                        <top>20</top>
                        <width>80</width>
                        <height>20</height>
                        <info>ListItem.Progress</info>
                    </control>
                    
                    <!--Channel Name + Program Title-->
                    <control type="label">
                        <left>200</left>
                        <width>800</width>
                        <height>100%</height>
                        <font>Reg24</font>
                        <textcolor>$INFO[Skin.String(ButtonFocusTextColor)]</textcolor>
                        <selectedcolor>$INFO[Skin.String(ButtonFocusTextColor)]</selectedcolor>
                        <align>left</align>
                        <aligny>center</aligny>
                        <label>[B]$INFO[ListItem.Label]: [/B]$INFO[ListItem.Title]</label>
                    </control> 

					<control type="image">
                        <!--Rec-->
                        <right>21</right>
                        <posy>5</posy>
                        <width>51</width>
                        <height>51</height>
                        <texture>pvr/icons/pvr_record.png</texture>
                        <visible>ListItem.IsRecording</visible>
                    </control>
					
                    <control type="image">
                        <!--Now Playing Icon-->
                        <right>16</right>
                        <posy>-2</posy>
                        <width>64</width>
                        <height>64</height>
                        <texture>pvr/icons/pvr_play.png</texture>
                        <visible>ListItem.Isplaying + !ListItem.IsRecording</visible>
                    </control>					
                    
                    <!--Channel Icon-->
                    <control type="image">
                        <right>-4</right>
                        <width>100</width>
                        <texture fallback="defaulttvshows.png">$INFO[ListItem.Icon]</texture>
                        <aspectratio>keep</aspectratio>
                        <visible>![ListItem.Isplaying | ListItem.IsRecording | ListItem.HasTimer]</visible>
                        <bordersize>8</bordersize>
                    </control>
					
					<control type="image">
                        <!--Separator-->
                        <posx>3</posx>
                        <posy>60</posy>
                        <height>2</height>
						<width>1094</width>
                        <fadetime>400</fadetime>
                        <colordiffuse>BBFFFFFF</colordiffuse>
                        <texture>common/separator.png</texture>
                    </control>
                </focusedlayout>
            </control>
            
            <control type="scrollbar" id="60">
				<top>65</top>
                <left>1113</left>
                <height>840</height>
				<onup>60</onup>
				<ondown>60</ondown>
				<onleft>11</onleft>
                <onright>11</onright>
				<animation effect="fade" start="0" end="100" time="400" condition="[Control.HasFocus(60) | String.IsEqual(Skin.String(scrollbar_visibility),always_show)]">Conditional</animation>
				<animation effect="fade" start="100" end="0" time="400" condition="![Control.HasFocus(60) | String.IsEqual(Skin.String(scrollbar_visibility),always_show)]">Conditional</animation>
			</control>
            
            <!--details -->
            
            <!--Channel Name-->
            <control type="label">
                <left>1145</left>
                <top>65</top>
                <width>625</width>
                <height>60</height>
                <font>Reg34</font>
                <textcolor>$INFO[Skin.String(OSDPrimaryTextColor)]</textcolor>
                <selectedcolor>$INFO[Skin.String(OSDPrimaryTextColor)]</selectedcolor>
                <align>left</align>
                <aligny>top</aligny>
                <label>$INFO[Container(11).ListItem.Title]</label>
            </control>
            
            <!--Channel Icon-->
            <control type="image">
                <left>1145</left>
                <top>125</top>
                <width>140</width>
                <height>80</height>
                <texture fallback="defaulttvshows.png">$INFO[Container(11).ListItem.Icon]</texture>
                <aspectratio align="left">keep</aspectratio>
            </control>
            
            
            <!-- progress -->
            <control type="progress">
                <description>Progressbar</description>
                <left>1305</left>
                <top>135</top>
                <width>460</width>
                <height>20</height>
                <info>Container(11).ListItem.Progress</info>
            </control>
            <control type="label">
                <left>1305</left>
                <top>170</top>
                <width>460</width>
                <height>20</height>
                <font>Reg26</font>
                <textcolor>$INFO[Skin.String(OSDPrimaryTextColor)]</textcolor>
                <selectedcolor>$INFO[Skin.String(OSDPrimaryTextColor)]</selectedcolor>
                <align>left</align>
                <aligny>center</aligny>
                <label>$INFO[Container(11).ListItem.StartTime]</label>
            </control>
            <control type="label">
                <left>1305</left>
                <top>170</top>
                <width>460</width>
                <height>20</height>
                <font>Reg26</font>
                <textcolor>$INFO[Skin.String(OSDPrimaryTextColor)]</textcolor>
                <selectedcolor>$INFO[Skin.String(OSDPrimaryTextColor)]</selectedcolor>
                <align>right</align>
                <aligny>center</aligny>
                <label>$INFO[Container(11).ListItem.EndTime]</label>
            </control>
            
            <!--Program Title-->
            <control type="label">
                <left>1145</left>
                <top>230</top>
                <width>625</width>
                <height>60</height>
                <font>Reg34</font>
                <textcolor>$INFO[Skin.String(OSDPrimaryTextColor)]</textcolor>
                <selectedcolor>$INFO[Skin.String(OSDPrimaryTextColor)]</selectedcolor>
                <align>left</align>
                <aligny>center</aligny>
                <label>$INFO[Container(11).ListItem.Title]</label>
            </control>
            
            <!--Plot-->
            <control type="textbox">
                <left>1145</left>
                <top>290</top>
                <width>625</width>
                <height>430</height>
                <font>Reg26</font>
                <textcolor>$INFO[Skin.String(OSDPrimaryTextColor)]</textcolor>
                <selectedcolor>$INFO[Skin.String(OSDPrimaryTextColor)]</selectedcolor>
                <align>left</align>
                <aligny>top</aligny>
                <label>$INFO[Container(11).ListItem.Plot]</label>
            </control>
            <!--genre-->
            <control type="label">
                <bottom>100</bottom>
                <left>1145</left>
                <width>625</width>
                <height>30</height>
                <font>Reg26</font>
                <textcolor>$INFO[Skin.String(OSDPrimaryTextColor)]</textcolor>
                <selectedcolor>$INFO[Skin.String(OSDPrimaryTextColor)]</selectedcolor>
                <align>left</align>
                <aligny>bottom</aligny>
                <label>[COLOR=$INFO[Skin.String(OSDPrimaryTextColor)]]$LOCALIZE[515]: [/COLOR]$INFO[Container(11).ListItem.Genre]</label>
                <visible>!String.IsEmpty(Container(11).ListItem.Genre)</visible>
            </control>
            
            <!--Next program-->
            <control type="label">
                <bottom>65</bottom>
                <left>1145</left>
                <width>625</width>
                <height>30</height>
                <font>Reg26</font>
                <textcolor>$INFO[Skin.String(OSDPrimaryTextColor)]</textcolor>
                <selectedcolor>$INFO[Skin.String(OSDPrimaryTextColor)]</selectedcolor>
                <align>left</align>
                <aligny>bottom</aligny>
                <label>[COLOR=$INFO[Skin.String(OSDPrimaryTextColor)]]$LOCALIZE[19031]: [/COLOR]$INFO[Container(11).ListItem.NextTitle]</label>
                <visible>!String.IsEmpty(Container(11).ListItem.NextTitle)</visible>
            </control>
            
        </control>

    </include>


</includes>