<?xml version="1.0" encoding="utf-8"?>
<!-- BINGIE -->
<window>
	<defaultcontrol/>
    <controls>
         <!--fallback background -->
        <control type="group">
			<include>GlobalBackground</include>
            <visible>!Control.IsVisible(3333) | String.IsEmpty(Control.GetLabel(3333))</visible>
		</control>
		<!-- Now Playing -->
        <include>NowPlayingMusicBackground</include>
         
         <!-- lyrics overlay -->
         <control type="group">
            <visible>Window.IsActive(script-cu-lrclyrics-main.xml)</visible>
            <control type="image">
                <posx>0</posx>
                <posy>0</posy>
                <width>100%</width>
                <height>100%</height>
                <texture>diffuse/panel2.png</texture>
                <colordiffuse>$INFO[Skin.String(LyricsOverlayColor)]</colordiffuse>
            </control>
        </control>
		
		<!--clearlogo top right-->
		<control type="image">
			<right>40</right>
			<top>20</top>
			<width>550</width>
			<height>180</height>
			<fadetime>900</fadetime>
			<aspectratio align="right" aligny="top">keep</aspectratio>
			<texture background="true">$VAR[MusicPlayerClearLogo]</texture>
            <visible>![Player.Paused + System.IdleTime(3)] + [Skin.String(MusicArtistLogo,enabled) + !Skin.HasSetting(UseBingieOSD) | Skin.String(MusicArtistLogo,osd) + Window.IsActive(MusicOSD) + !Skin.HasSetting(UseBingieOSD) | !Window.IsActive(MusicOSD) + Skin.HasSetting(UseBingieOSD)]</visible>
            <include>animation_fade_visible_hidden_delayed</include>
		</control>      
		
		<!-- Scrolling Text -->
        <control type="group">
            <top>370</top>
            <animation effect="fade" time="350">WindowOpen</animation>
			<animation effect="fade" time="350">WindowClose</animation>
			<animation effect="fade" time="350">Visible</animation>
			<animation effect="fade" time="350">Hidden</animation>
			<visible>Player.HasAudio + !Window.IsActive(script-cu-lrclyrics-main.xml) + ![Player.Paused + System.IdleTime(3)]</visible>
			<visible>Skin.HasSetting(MusicOSDScrollingTitles)</visible>
            <animation effect="slide" start="0" end="0,360" delay="0" time="300" condition="Skin.HasSetting(UseBingieOSD) + ![Skin.HasSetting(AlwaysShowMusicInfo) + !Skin.HasSetting(UseBingieOSD) | Player.ShowInfo | Player.Forwarding | Player.Rewinding | Player.seeking | Window.IsActive(MusicOSD)]">Conditional</animation>
			<animation effect="slide" start="0" end="0,360" delay="0" time="250" condition="!Skin.HasSetting(UseBingieOSD) + ![Skin.HasSetting(AlwaysShowMusicInfo) + !Skin.HasSetting(UseBingieOSD) | Player.ShowInfo | Player.Forwarding | Player.Rewinding | Player.seeking | Window.IsActive(MusicOSD)]">Conditional</animation>	
            <control type="label">
                <description>Now Playing</description>
                <left>0</left>
                <top>100</top>
                <right>0</right>
                <label>$INFO[MusicPlayer.Title,  ,]$INFO[MusicPlayer.Title,  ,]$INFO[MusicPlayer.Title,  ,]$INFO[MusicPlayer.Title,  ,]$INFO[MusicPlayer.Title,  ,]$INFO[MusicPlayer.Title,  ,]$INFO[MusicPlayer.Title,  ,]$INFO[MusicPlayer.Title,  ,]$INFO[MusicPlayer.Title,  ,]$INFO[MusicPlayer.Title,  ,]$INFO[MusicPlayer.Title,  ,]$INFO[MusicPlayer.Title,  ,]$INFO[MusicPlayer.Title,  ,]$INFO[MusicPlayer.Title,  ,]$INFO[MusicPlayer.Title,  ,]$INFO[MusicPlayer.Title,  ,]$INFO[MusicPlayer.Title,  ,]$INFO[MusicPlayer.Title,  ,]$INFO[MusicPlayer.Title,  ,]$INFO[MusicPlayer.Title,  ,]$INFO[MusicPlayer.Title,  ,]$INFO[MusicPlayer.Title,  ,]$INFO[MusicPlayer.Title,  ,]$INFO[MusicPlayer.Title,  ,]$INFO[MusicPlayer.Title,  ,]</label>
                <scroll>true</scroll>
                <font>lyrics_big</font>
                <textcolor>80ffffff</textcolor>
                <align>left</align>
                <scrollspeed>55</scrollspeed>
                <visible>Integer.IsGreater(MusicPlayer.Time,0) + !String.IsEqual(Player.TimeRemaining(hh:mm:ss),00:00:01)</visible>
                <animation effect="fade" start="0" end="100" time="950" delay="500" tween="cubic" easing="inout">Visible</animation>
                <animation effect="fade" end="0" start="100" time="350">Hidden</animation>
            </control>
            <control type="label">
                <description>Now Playing</description>
                <left>0</left>
                <top>130</top>
                <right>0</right>
                <label>$INFO[MusicPlayer.Album,  ,]$INFO[MusicPlayer.Album,  ,]$INFO[MusicPlayer.Album,  ,]$INFO[MusicPlayer.Album,  ,]$INFO[MusicPlayer.Album, ,]$INFO[MusicPlayer.Album,  ,]$INFO[MusicPlayer.Album,  ,]$INFO[MusicPlayer.Album,  ,]$INFO[MusicPlayer.Album,  ,]$INFO[MusicPlayer.Album,  ,]$INFO[MusicPlayer.Album,  ,]$INFO[MusicPlayer.Album,  ,]$INFO[MusicPlayer.Album,  ,]$INFO[MusicPlayer.Album,  ,]$INFO[MusicPlayer.Album,  ,]$INFO[MusicPlayer.Album,  ,]$INFO[MusicPlayer.Album,  ,]$INFO[MusicPlayer.Album,  ,]$INFO[MusicPlayer.Album,  ,]$INFO[MusicPlayer.Album,  ,]$INFO[MusicPlayer.Album,  ,]$INFO[MusicPlayer.Album,  ,]$INFO[MusicPlayer.Album,  ,]$INFO[MusicPlayer.Album,  ,]$INFO[MusicPlayer.Album,  ,]</label>
                <scroll>true</scroll>
                <font>lyrics_medium</font>
                <textcolor>4dcccccc</textcolor>
                <align>left</align>
                <scrollspeed>100</scrollspeed>
                <visible>Integer.IsGreater(MusicPlayer.Time,0) + !String.IsEqual(Player.TimeRemaining(hh:mm:ss),00:00:01)</visible>                
                <animation effect="fade" start="0" end="100" time="950" delay="500" tween="cubic" easing="inout">Visible</animation>
                <animation effect="fade" end="0" start="100" time="350">Hidden</animation>
            </control>
            <control type="label">
                <description>Now Playing</description>
                <left>0</left>
                <top>210</top>
                <right>0</right>
                <label>$INFO[MusicPlayer.Artist,  ,]$INFO[MusicPlayer.Artist,  ,]$INFO[MusicPlayer.Artist,  ,]$INFO[MusicPlayer.Artist,  ,]$INFO[MusicPlayer.Artist,  ,]$INFO[MusicPlayer.Artist,  ,]$INFO[MusicPlayer.Artist,  ,]$INFO[MusicPlayer.Artist,  ,]$INFO[MusicPlayer.Artist,  ,]$INFO[MusicPlayer.Artist,  ,]$INFO[MusicPlayer.Artist,  ,]$INFO[MusicPlayer.Artist,  ,]$INFO[MusicPlayer.Artist,  ,]$INFO[MusicPlayer.Artist,  ,]$INFO[MusicPlayer.Artist,  ,]$INFO[MusicPlayer.Artist,  ,]$INFO[MusicPlayer.Artist,  ,]$INFO[MusicPlayer.Artist,  ,]$INFO[MusicPlayer.Artist,  ,]$INFO[MusicPlayer.Artist,  ,]$INFO[MusicPlayer.Artist,  ,]$INFO[MusicPlayer.Artist,  ,]$INFO[MusicPlayer.Artist,  ,]$INFO[MusicPlayer.Artist,  ,]$INFO[MusicPlayer.Artist,  ,]</label>
                <scroll>true</scroll>
                <font>lyrics_small</font>
                <textcolor>b2cccccc</textcolor>
                <align>left</align>
                <scrollspeed>80</scrollspeed>
                <visible>!Pvr.IsPlayingRadio</visible>
                <visible>Integer.IsGreater(MusicPlayer.Time,0) + !String.IsEqual(Player.TimeRemaining(hh:mm:ss),00:00:01)</visible>                
                <animation effect="fade" start="0" end="100" time="950" delay="500" tween="cubic" easing="inout">Visible</animation>
                <animation effect="fade" end="0" start="100" time="350">Hidden</animation>
            </control>
        </control>
		
			<!-- CLEAR LOGO or Clearart on PAUSE -->
			<control type="group">
				<top>0</top>
				<left>0</left>
				<height>100%</height>
				<width>100%</width>				
				<visible>Player.Paused + System.IdleTime(3)</visible>
				<visible>![Control.IsVisible(552233) | Window.IsActive(OSDAudioSettings) | Window.IsActive(sliderdialog)]</visible>
				<animation delay="1000" time="300" effect="fade">Visible</animation>
				<animation delay="0" time="300" effect="fade">Hidden</animation>
				<!-- background -->
				<control type="image">
					<width>100%</width>
					<height>100%</height>
					<texture background="true">diffuse/panel2.png</texture>
					<colordiffuse>b3000000</colordiffuse>
				</control>	
				<control type="grouplist">
					<top>345</top>
					<left>130</left>
					<height>530</height>
					<width>70%</width>
					<orientation>vertical</orientation>
					<itemgap>10</itemgap>
					<usecontrolcoords>true</usecontrolcoords>
					<!-- ClearLogo on Pause -->
					<control type="image" id="111">
						<top>100</top>
						<width>490</width>
						<height>190</height>
						<fadetime>200</fadetime>
						<texture background="true">$VAR[MusicPlayerClearLogo]</texture>
						<aspectratio align="left" aligny="center">keep</aspectratio>
						<visible>!String.IsEmpty(Control.GetLabel(111))</visible>
					</control>
					<!-- Title -->
					<control type="label">
						<top>187</top>
						<width>auto</width>
						<height>70</height>
						<align>left</align>
						<aligny>center</aligny>
						<font>Reg60</font>
						<textcolor>$INFO[Skin.String(BingieOSDLabelTextColor)]</textcolor>
						<label>[B]$VAR[OSDLabel4][/B]</label>
						<scroll>false</scroll>
						<wrapmultiline>true</wrapmultiline>
						<visible>!Control.IsVisible(111)</visible>
					</control>
					<!-- Sublabel -->
					<control type="label">
						<width>auto</width>
						<font>Reg32</font>
						<textcolor>$INFO[Skin.String(BingieOSDSubLabelTextColor)]</textcolor>
						<label>$VAR[OSDLabel5]</label>
						<scroll>false</scroll>
					</control>
				</control>
			</control>

        <control type="group">
            <include>HideOsdConditions</include>
			<include condition="!Skin.HasSetting(UseBingieOSD)">OSDPanelModern</include>
            <include condition="Skin.HasSetting(UseBingieOSD)">OSDPanelBingie</include>
			<visible>Skin.HasSetting(AlwaysShowMusicInfo) + !Skin.HasSetting(UseBingieOSD) | Window.IsActive(musicosd) | Player.Seeking | Player.DisplayAfterSeek | !String.IsEmpty(Player.SeekNumeric) | [Player.Paused + !Player.Caching + !Skin.HasSetting(UseBingieOSD)] | Player.Forwarding | Player.Rewinding</visible>
			<animation effect="slide" start="0,400" end="0,0" tween="cubic" easing="out" delay="0" time="450" reversible="false" condition="!String.IsEqual(Window(Home).Property(VizSlide),hide)">Visible</animation>
			<animation effect="slide" start="0,0" end="0,400" tween="cubic" easing="out" delay="0" time="450" reversible="false">Hidden</animation>
			<animation effect="slide" start="0,400" end="0,0" tween="cubic" easing="out" delay="0" time="450" reversible="false">WindowOpen</animation>
		</control>

    </controls>
</window>