<?xml version="1.0" encoding="utf-8"?>
<!-- BINGIE -->
<window>
    <defaultcontrol always="true">5000</defaultcontrol>
	
	<onunload>ClearProperty(ShowViewSubMenu,Home)</onunload>
    <include>allViewIds</include>
	
    <controls>
        <!--Global Background-->
        <include>GlobalBackground</include>
		<!-- Now Playing -->
		<include>NowPlayingBackground</include>
		 <!--Header-->
        <include>Header</include>
		
         <!-- all Views -->
        <include>allViews</include>
		
        <!--Sub Menu-->
        <control type="group">
			<include>SideBladeModern</include>
            <!--Grouplist 9000-->
            <control type="grouplist" id="9000">
                <posx>21</posx>
                <posy>180</posy>
                <width>458</width>
                <height>781</height>
                <itemgap>3</itemgap>
                <onleft>5000</onleft>
                <onright>5000</onright>
				<onright>ClearProperty(ShowViewSubMenu,Home)</onright>
				<onleft>ClearProperty(ShowViewSubMenu,Home)</onleft>
				<onback>ClearProperty(ShowViewSubMenu,Home)</onback>
				<onback>5000</onback>
                <onup>9000</onup>
                <ondown>9000</ondown>
                <orientation>vertical</orientation>
                <control type="button" id="3">
                    <!--Sort-->
                    <include>SideBladeMenuButton</include>
                </control>
                <control type="togglebutton" id="4">
                    <!--Ascending-->
                    <include>SideBladeMenuButton</include>
					<alttexturefocus border="10" colordiffuse="$INFO[Skin.String(ButtonFocusColor)]">diffuse/panel.png</alttexturefocus>
					<alttexturenofocus/>
                    <label>$LOCALIZE[584]</label>
                    <altlabel>$LOCALIZE[585]</altlabel>
                </control>
				<control type="edit" id="19">
					<visible>Container.CanFilter + !Container.CanFilterAdvanced</visible>
					<description>Filter</description>
					<textwidth>230</textwidth>
					<include>SideBladeMenuButton</include>
					<textoffsetx>50</textoffsetx>
					<textoffsety>13</textoffsety>
					<label>$LOCALIZE[587]</label>
				</control>
				<control type="radiobutton" id="20">
					<visible>Container.CanFilterAdvanced</visible>
					<description>Filter</description>
					<include>SideBladeMenuButton</include>
					<label>$LOCALIZE[587]</label>
					<selected>Container.Filtered</selected>
					<onclick>right</onclick>
					<onclick>Filter</onclick>
				</control>
                <control type="button" id="6">
                    <!--Slideshow-->
                    <visible>!ListItem.IsFolder</visible>
                    <include>SideBladeMenuButton</include>
                    <label>$LOCALIZE[108]</label>
                </control>
                <control type="button" id="7">
                    <!--Recursive Slideshow-->
                    <visible>ListItem.IsFolder</visible>
                    <include>SideBladeMenuButton</include>
                    <label>$LOCALIZE[108]</label>
                </control>
                <control type="radiobutton" id="9">
                    <!--Randomise-->
                    <include>SideBladeMenuButton</include>
                    <label>$LOCALIZE[13319]</label>
                </control>
				<include>SideBladeViewCommands</include>
            </control>
        </control>
        <include condition="Skin.HasSetting(DebugGrid) | Skin.HasSetting(DebugInfo)">DebugInfo</include>
    </controls>
</window>