<?xml version="1.0" encoding="UTF-8"?>
<includes> 
  <include name="View_53_PanelDetails">	
    <control type="group">
      <visible>Control.IsVisible(53)</visible>
      <include>animation_view_change</include>      
      <include>MovieDetailsLeft</include>	  
			<control type="panel" id="53">
                <animation effect="slide" end="-628" time="0" condition="Skin.HasSetting(View53_ShowInfoRight)">Conditional</animation>
                <right>51</right>
				<bottom>156</bottom>
                <height>717</height>
				<width>1190</width>
				<orientation>vertical</orientation>
                <onup>53</onup>
                <ondown>53</ondown>
                <onleft>9000</onleft>
				<onback>CancelAlarm(preview_delay,silent)</onback>
				<onback condition="!Player.HasAudio + $EXP[IsPlayingUnrecognizedContent] + [String.IsEqual(ListItem.DBType,movie) | String.IsEqual(ListItem.DBType,tvshow)] + Skin.HasSetting(View53_DetailsAutoTrailer)">PlayerControl(Stop)</onback>
                <onback>ClearProperty(HideNowPlaying)</onback>
				<onback>ClearProperty(ListAnimation,home)</onback>
                <onright>60</onright>
                <pagecontrol>60</pagecontrol>
                <viewtype label="31422">Panel Details</viewtype>
				<include content="View_Forced">
				    <param name="viewtype" value="$LOCALIZE[31422]" />
				</include>
                <scrolltime tween="quadratic">400</scrolltime>
                <focusposition>6</focusposition>
                <preloaditems>2</preloaditems>
				<!-- itemlayout movies -->
                <itemlayout height="239" width="170" condition="Container.Content(MusicVideos) | Container.Content(tvshows) | Container.Content(Movies) | Container.Content(seasons)">
                    <control type="group">
                       <width>170</width>
                       <height>239</height>
					   <include>SmallPosterPanelLayout</include>
					   <control type="group">
						 <!--Watched Overlay-->
						 <right>8</right>
						 <top>8</top>
						 <include>WatchedIndicatorSmall</include>
				       </control>
                    </control>
                </itemlayout>
                <!-- focussed layout movies -->
                <focusedlayout height="239" width="170" condition="Container.Content(MusicVideos) | Container.Content(tvshows) | Container.Content(Movies) | Container.Content(seasons)">
                    <control type="group">
                        <width>170</width>
                        <height>239</height>
                        <include>SmallPosterPanelLayoutFocus</include>
						  <control type="group">
							<!--Watched Overlay-->
							<right>8</right>
							<top>8</top>
							<include>WatchedIndicatorSmall</include>
						  </control>
                        <include>LibraryAutoTrailerStopButton</include>
						<include content="LibraryAutoTrailerStartButton" condition="Skin.HasSetting(View53_DetailsAutoTrailer)">
							<param name="interval" value="$INFO[Skin.String(details_auto_trailer_interval)]" />
						</include>
						<control type="button">
							<visible>false</visible>	
							<onfocus>AlarmClock(SetList,ClearProperty(ListAnimation,home),00:00,silent)</onfocus>
							<onfocus>AlarmClock(SetList,SetProperty(ListAnimation,1,home),00:00,silent)</onfocus>					
						</control>
                    </control>			  
                </focusedlayout>
            </control>
      
		<!--vertical Scollbar-->
		<control type="scrollbar" id="60">
			<visible>Control.IsVisible(53) + Integer.IsGreater(Container.NumItems,0)</visible>
			<right>15</right>
			<bottom>164</bottom>
			<height>701</height>
			<onup>60</onup>
			<ondown>6000</ondown>
			<onleft>53</onleft>
			<animation effect="fade" start="0" end="100" time="400" condition="[Control.HasFocus(60) | String.IsEqual(Skin.String(scrollbar_visibility),always_show)]">Conditional</animation>
			<animation effect="fade" start="100" end="0" time="400" condition="![Control.HasFocus(60) | String.IsEqual(Skin.String(scrollbar_visibility),always_show)]">Conditional</animation>
		</control>
    </control>
  </include>
</includes>
