<?xml version="1.0" encoding="UTF-8" standalone="yes"?>
<addon id="screensaver.bingie" name="Bingie Screensaver" version="1.0.0" provider-name="matke">
    <requires>
        <import addon="skin.bingie" version="1.0.0"/>
    </requires>
    
    <extension point="xbmc.ui.screensaver" library="default.py"/>
    <extension point="xbmc.python.script" library="script.py"/>
    
    <extension point="xbmc.addon.metadata">
        <summary lang="en">Bingie Screensaver</summary>
        <description lang="en">Netflix styled screensaver for Bingie skin.</description>
        <assets>
            <icon>icon.png</icon>
            <fanart>fanart.jpg</fanart>
        </assets>
    </extension>
</addon>
