<?xml version="1.0" encoding="utf-8"?>
<!-- FamilyFlix - Based on Bingie -->
<addon id="skin.familyflix" version="1.0.0" name="FamilyFlix" provider-name="Pathfinder">
	<requires>
		<import version="5.17.0" addon="xbmc.gui"/>
		<import addon="script.bingie.helper" version="1.1.2"/>
		<import addon="script.bingie.toolbox" version="1.0.0"/>
		<import addon="script.bingie.widgets" version="1.0.1"/>
		<import addon="script.skinshortcuts" version="2.0.3"/>
		<import addon="resource.images.studios.coloured" version="1.0.0" />
		<import addon="plugin.video.tmdb.bingie.helper" version="1.0.1" />
		<import addon="plugin.program.autocompletion" version="2.1.3" />
	</requires>
	<extension debugging="true" defaultthemename="Textures.xbt" effectslowdown="1" point="xbmc.gui.skin">
        <res aspect="16:9" default="true" folder="1080i" height="1080" width="1920" />
    </extension>
	<extension point="xbmc.addon.metadata">
		<summary lang="en_GB">FamilyFlix - Your family's streaming hub!</summary>
		<summary lang="ro_RO">FamilyFlix - Hub-ul de streaming al familiei!</summary>
		<description lang="en_GB">FamilyFlix - The home of your family's favorite movies and shows!</description>
		<description lang="ro_RO">FamilyFlix - Casa filmelor și serialelor preferate ale familiei!</description>
		<platform>all</platform>
		<license>GPL v2.0</license>
		<forum></forum>
		<source></source>
		<assets>
			<icon>resources/icon.png</icon>
			<fanart>resources/fanart.jpg</fanart>
		</assets>
	</extension>
</addon>
