<?xml version="1.0" encoding="utf-8"?>
<!-- BINGIE -->
<window>
    <defaultcontrol always="true">10</defaultcontrol>
    <include>DefaultSkinSettings</include>
    <onload>SetProperty(Random,$INFO[System.Time(ss)],Home)</onload>
    <!-- start up mask - preload -->
    <onload condition="String.IsEmpty(Skin.String(SplashScreen))">SetProperty(StartupMask,1,home)</onload>
    <onload condition="String.IsEmpty(Skin.String(SplashScreen))">ReplaceWindow($VAR[StartUpWindow])</onload>
    <onunload condition="Player.HasVideo">PlayerControl(Stop)</onunload>
	
	<!-- Start TMDbH service -->
    <onload>Skin.SetBool(TMDbBingieHelper.Service)</onload>
	<onload>Skin.SetBool(TMDbBingieHelper.DirectCallAuto)</onload>
	<onload>Skin.SetString(TMDbBingieHelper.MonitorContainer,17195)</onload>
</window>