﻿<?xml version="1.0" encoding="UTF-8" standalone="yes"?>
    <addon id="script.bingie.toolbox" name="Bingie Toolbox" version="1.0.0" provider-name="matke">
    <requires>
		<import addon="xbmc.python" version="3.0.0"/>
        <import addon="xbmc.addon" version="12.0.0"/>
        <import addon="script.module.simplejson" version="3.3.0"/>
		<import addon="script.module.simplecache" version="1.0.0"/>
    </requires>

    <extension point="xbmc.python.library" library="default.py" />
    <extension point="xbmc.python.pluginsource" library="plugin.py" />

    <extension point="xbmc.addon.metadata">
        <summary lang="en">Bingie Toolbox</summary>
        <description>Toolbox for Bingie skin.</description>
		<assets>
            <icon>icon.png</icon>
            <fanart>fanart.jpg</fanart>
        </assets>
        <language></language>
        <platform>all</platform>
        <license>GPL v2.0</license>
        <forum></forum>
        <website></website>
        <source></source>
    </extension>
</addon>
